label_id	anchor_x	anchor_y	anchor_z	bb_min_x	bb_min_y	bb_min_z	bb_max_x	bb_max_y	bb_max_z	n_pixels
0.0	8.004061221479807	11.182355689871404	9.997679506703232	6.144	9.216000000000001	8.448	9.976	13.048	11.512	45894807.0
1.0	7.988521102454459	11.28405319919439	10.11491504071331	6.640000000000001	9.312	8.792	9.448	12.808	11.408	11613033.0
