label_id	anchor_x	anchor_y	anchor_z	bb_min_x	bb_min_y	bb_min_z	bb_max_x	bb_max_y	bb_max_z	n_pixels
0.0	6.791248484687437	8.45380678208676	10.05394999814366	1.536	0.0	7.68	11.512	13.816	13.048	265386667.0
1.0	7.489914216473312	9.826024634252043	9.897632506203172	2.16	0.592	7.808	11.512	13.256	12.68	180520277.0
