label_id	anchor_x	anchor_y	anchor_z	bb_min_x	bb_min_y	bb_min_z	bb_max_x	bb_max_y	bb_max_z	n_pixels
0.0	7.09174108475305	5.997347092000779	10.129923971033845	4.6080000000000005	0.0	8.448	9.208	9.976	12.280000000000001	33283262.0
1.0	0.0	0.0	0.0	1.4381545078898524e+306	1.4381545078898524e+306	1.4381545078898524e+306	0.0	0.0	0.0	0.0
2.0	7.159097949787269	5.917106395619047	10.089886606239169	5.224	0.5680000000000001	8.52	9.112	9.864	11.568	1198461.0
3.0	8.023857142857143	2.4021428571428576	8.952	7.992	2.368	8.952	8.064	2.44	8.952	56.0
4.0	8.589032978537777	2.616065957075555	8.866947478625024	8.328	2.176	8.792	8.952	2.92	8.952	22924.0
5.0	8.512	2.168	8.904	8.512	2.168	8.904	8.512	2.168	8.904	1.0
