label_id	anchor_x	anchor_y	anchor_z	bb_min_x	bb_min_y	bb_min_z	bb_max_x	bb_max_y	bb_max_z	n_pixels
0.0	9.839652482526505	6.2223278044105665	3.284745251804272	2.88	0.0	0.0	15.35	12.47	7.672000000000001	216351970.0
1.0	8.619188379567927	6.901235827381562	2.588230363812223	3.79	0.46	0.032	14.68	11.55	7.6240000000000006	72956702.0
