label_id	anchor_x	anchor_y	anchor_z	bb_min_x	bb_min_y	bb_min_z	bb_max_x	bb_max_y	bb_max_z	n_pixels
0.0	6.815649961973491	7.707036129432537	1.0904697034267132	4.8	5.76	0.0	8.63	9.59	3.064	23889913.0
1.0	6.555370117280038	7.693998885933471	0.6904790535817155	5.15	6.55	0.088	7.86	9.28	2.336	4421639.0
